rCRS	0	8	1
rCRS	8	13	0.5
rCRS	13	15	1
rCRS	15	43	0.5
rCRS	43	62	1
rCRS	62	64	0.5
rCRS	64	103	1
rCRS	103	122	0.5
rCRS	122	126	1
rCRS	126	129	0.5
rCRS	129	201	1
rCRS	201	203	0.5
rCRS	203	204	0.25
rCRS	204	205	0.166667
rCRS	205	206	0.125
rCRS	206	207	0.2
rCRS	207	209	0.25
rCRS	209	210	0.2
rCRS	210	212	0.25
rCRS	212	334	1
rCRS	334	336	0.5
rCRS	336	337	1
rCRS	337	382	0.5
rCRS	382	390	0.333333
rCRS	390	391	0.5
rCRS	391	398	0.333333
rCRS	398	407	0.25
rCRS	407	412	0.333333
rCRS	412	415	0.25
rCRS	415	416	0.333333
rCRS	416	418	0.25
rCRS	418	419	0.333333
rCRS	419	423	0.5
rCRS	423	518	1
rCRS	518	520	0.5
rCRS	520	543	0.333333
rCRS	543	546	0.5
rCRS	546	547	1
rCRS	547	562	0.5
rCRS	562	573	1
rCRS	573	591	0.333333
rCRS	591	592	0.5
rCRS	592	602	0.333333
rCRS	602	609	0.5
rCRS	609	625	0.333333
rCRS	625	630	0.25
rCRS	630	631	0.2
rCRS	631	632	0.25
rCRS	632	634	0.2
rCRS	634	635	0.166667
rCRS	635	636	0.1
rCRS	636	638	0.0909091
rCRS	638	639	0.0833333
rCRS	639	640	0.0769231
rCRS	640	642	0.1
rCRS	642	645	0.111111
rCRS	645	648	0.142857
rCRS	648	649	0.125
rCRS	649	650	0.142857
rCRS	650	652	0.125
rCRS	652	654	0.111111
rCRS	654	656	0.0833333
rCRS	656	658	0.0769231
rCRS	658	662	0.0714286
rCRS	662	663	0.0833333
rCRS	663	664	0.05
rCRS	664	665	0.047619
rCRS	665	668	0.0454545
rCRS	668	670	0.05
rCRS	670	671	0.0384615
rCRS	671	675	0.0416667
rCRS	675	676	0.04
rCRS	676	677	0.037037
rCRS	677	678	0.0357143
rCRS	678	679	0.04
rCRS	679	680	0.047619
rCRS	680	681	0.0714286
rCRS	681	683	0.166667
rCRS	683	684	0.142857
rCRS	684	685	0.166667
rCRS	685	686	0.142857
rCRS	686	687	0.111111
rCRS	687	689	0.0833333
rCRS	689	690	0.166667
rCRS	690	691	0.25
rCRS	691	716	0.5
rCRS	716	718	1
rCRS	718	740	0.25
rCRS	740	741	0.2
rCRS	741	743	0.25
rCRS	743	754	0.333333
rCRS	754	756	0.25
rCRS	756	760	0.2
rCRS	760	772	0.25
rCRS	772	783	0.2
rCRS	783	786	0.25
rCRS	786	793	0.166667
rCRS	793	794	0.1
rCRS	794	795	0.0714286
rCRS	795	796	0.125
rCRS	796	797	0.0833333
rCRS	797	798	0.0769231
rCRS	798	799	0.142857
rCRS	799	800	0.2
rCRS	800	805	0.166667
rCRS	805	808	0.2
rCRS	808	809	0.166667
rCRS	809	810	0.111111
rCRS	810	812	0.1
rCRS	812	813	0.125
rCRS	813	825	0.111111
rCRS	825	826	0.0833333
rCRS	826	827	0.0769231
rCRS	827	828	0.0833333
rCRS	828	835	0.0625
rCRS	835	837	0.047619
rCRS	837	838	0.0714286
rCRS	838	839	0.0909091
rCRS	839	840	0.142857
rCRS	840	841	0.2
rCRS	841	842	0.25
rCRS	842	847	0.2
rCRS	847	857	0.25
rCRS	857	863	0.333333
rCRS	863	867	0.25
rCRS	867	868	0.2
rCRS	868	869	0.125
rCRS	869	870	0.111111
rCRS	870	871	0.0714286
rCRS	871	873	0.0833333
rCRS	873	876	0.125
rCRS	876	880	0.25
rCRS	880	886	0.2
rCRS	886	887	0.166667
rCRS	887	888	0.142857
rCRS	888	891	0.166667
rCRS	891	926	0.2
rCRS	926	927	0.5
rCRS	927	957	1
rCRS	957	961	0.5
rCRS	961	964	0.2
rCRS	964	975	0.166667
rCRS	975	980	0.2
rCRS	980	988	0.166667
rCRS	988	1005	0.25
rCRS	1005	1008	0.166667
rCRS	1008	1009	0.2
rCRS	1009	1010	0.25
rCRS	1010	1011	0.5
rCRS	1011	1018	0.333333
rCRS	1018	1019	0.2
rCRS	1019	1038	0.25
rCRS	1038	1040	0.2
rCRS	1040	1041	0.125
rCRS	1041	1042	0.0588235
rCRS	1042	1046	0.0555556
rCRS	1046	1047	0.0588235
rCRS	1047	1048	0.0555556
rCRS	1048	1049	0.0416667
rCRS	1049	1050	0.04
rCRS	1050	1052	0.037037
rCRS	1052	1053	0.0222222
rCRS	1053	1055	0.0227273
rCRS	1055	1057	0.0217391
rCRS	1057	1059	0.037037
rCRS	1059	1060	0.0357143
rCRS	1060	1062	0.0384615
rCRS	1062	1064	0.04
rCRS	1064	1066	0.0243902
rCRS	1066	1067	0.0232558
rCRS	1067	1068	0.0357143
rCRS	1068	1070	0.037037
rCRS	1070	1073	0.0416667
rCRS	1073	1074	0.04
rCRS	1074	1075	0.0416667
rCRS	1075	1076	0.0434783
rCRS	1076	1077	0.0454545
rCRS	1077	1078	0.0666667
rCRS	1078	1079	0.1
rCRS	1079	1080	0.111111
rCRS	1080	1081	0.125
rCRS	1081	1097	0.166667
rCRS	1097	1108	0.2
rCRS	1108	1111	0.166667
rCRS	1111	1121	0.0769231
rCRS	1121	1131	0.2
rCRS	1131	1133	0.0555556
rCRS	1133	1134	0.05
rCRS	1134	1135	0.0434783
rCRS	1135	1141	0.0416667
rCRS	1141	1143	0.0357143
rCRS	1143	1146	0.166667
rCRS	1146	1147	0.142857
rCRS	1147	1148	0.0344828
rCRS	1148	1149	0.04
rCRS	1149	1151	0.0416667
rCRS	1151	1152	0.027027
rCRS	1152	1153	0.0277778
rCRS	1153	1155	0.027027
rCRS	1155	1157	0.0357143
rCRS	1157	1159	0.0416667
rCRS	1159	1161	0.0454545
rCRS	1161	1165	0.0434783
rCRS	1165	1167	0.0416667
rCRS	1167	1168	0.1
rCRS	1168	1171	0.111111
rCRS	1171	1173	0.125
rCRS	1173	1178	0.037037
rCRS	1178	1179	0.0357143
rCRS	1179	1181	0.0344828
rCRS	1181	1184	0.0666667
rCRS	1184	1185	0.0714286
rCRS	1185	1186	0.0344828
rCRS	1186	1187	0.0416667
rCRS	1187	1188	0.0384615
rCRS	1188	1189	0.04
rCRS	1189	1190	0.0384615
rCRS	1190	1193	0.0416667
rCRS	1193	1195	0.0434783
rCRS	1195	1197	0.0454545
rCRS	1197	1198	0.047619
rCRS	1198	1200	0.0454545
rCRS	1200	1201	0.166667
rCRS	1201	1210	0.25
rCRS	1210	1211	0.333333
rCRS	1211	1216	0.2
rCRS	1216	1218	0.166667
rCRS	1218	1219	0.142857
rCRS	1219	1221	0.25
rCRS	1221	1227	0.333333
rCRS	1227	1230	0.25
rCRS	1230	1231	0.111111
rCRS	1231	1233	0.0434783
rCRS	1233	1234	0.1
rCRS	1234	1236	0.111111
rCRS	1236	1242	0.125
rCRS	1242	1246	0.111111
rCRS	1246	1247	0.0769231
rCRS	1247	1249	0.0666667
rCRS	1249	1252	0.030303
rCRS	1252	1253	0.0357143
rCRS	1253	1254	0.0625
rCRS	1254	1255	0.166667
rCRS	1255	1261	0.25
rCRS	1261	1269	0.5
rCRS	1269	1284	0.333333
rCRS	1284	1311	0.25
rCRS	1311	1312	0.2
rCRS	1312	1314	0.0833333
rCRS	1314	1315	0.0909091
rCRS	1315	1316	0.05
rCRS	1316	1318	0.04
rCRS	1318	1319	0.0416667
rCRS	1319	1320	0.0434783
rCRS	1320	1321	0.0285714
rCRS	1321	1322	0.0294118
rCRS	1322	1323	0.03125
rCRS	1323	1328	0.0277778
rCRS	1328	1330	0.027027
rCRS	1330	1334	0.0277778
rCRS	1334	1335	0.0384615
rCRS	1335	1342	0.0555556
rCRS	1342	1346	0.0588235
rCRS	1346	1347	0.0833333
rCRS	1347	1348	0.125
rCRS	1348	1349	0.111111
rCRS	1349	1356	0.2
rCRS	1356	1358	0.25
rCRS	1358	1363	0.333333
rCRS	1363	1377	1
rCRS	1377	1393	0.5
rCRS	1393	1394	0.333333
rCRS	1394	1415	0.25
rCRS	1415	1420	0.166667
rCRS	1420	1422	0.0909091
rCRS	1422	1423	0.0769231
rCRS	1423	1429	0.166667
rCRS	1429	1430	0.2
rCRS	1430	1475	0.25
rCRS	1475	1476	0.0714286
rCRS	1476	1477	0.1
rCRS	1477	1478	0.0434783
rCRS	1478	1480	0.0909091
rCRS	1480	1481	0.2
rCRS	1481	1518	0.25
rCRS	1518	1519	0.2
rCRS	1519	1520	0.166667
rCRS	1520	1544	0.142857
rCRS	1544	1545	0.0909091
rCRS	1545	1549	0.111111
rCRS	1549	1556	0.1
rCRS	1556	1557	0.0666667
rCRS	1557	1558	0.0714286
rCRS	1558	1560	0.0769231
rCRS	1560	1561	0.1
rCRS	1561	1562	0.0833333
rCRS	1562	1567	0.0769231
rCRS	1567	1568	0.0833333
rCRS	1568	1569	0.111111
rCRS	1569	1570	0.125
rCRS	1570	1572	0.111111
rCRS	1572	1574	0.125
rCRS	1574	1575	0.142857
rCRS	1575	1586	0.166667
rCRS	1586	1589	0.2
rCRS	1589	1609	0.25
rCRS	1609	1643	0.2
rCRS	1643	1654	0.25
rCRS	1654	1655	0.2
rCRS	1655	1679	0.25
rCRS	1679	1684	0.333333
rCRS	1684	1689	0.5
rCRS	1689	1693	1
rCRS	1693	1703	0.5
rCRS	1703	1709	1
rCRS	1709	1715	0.333333
rCRS	1715	1719	0.25
rCRS	1719	1721	0.2
rCRS	1721	1731	0.166667
rCRS	1731	1733	0.2
rCRS	1733	1735	0.25
rCRS	1735	1736	0.333333
rCRS	1736	1761	1
rCRS	1761	1763	0.333333
rCRS	1763	1764	0.25
rCRS	1764	1766	0.166667
rCRS	1766	1770	0.2
rCRS	1770	1772	0.166667
rCRS	1772	1774	0.142857
rCRS	1774	1777	0.2
rCRS	1777	1791	0.25
rCRS	1791	1792	0.2
rCRS	1792	1794	0.25
rCRS	1794	1809	0.333333
rCRS	1809	1812	0.25
rCRS	1812	1819	0.333333
rCRS	1819	1822	0.5
rCRS	1822	1824	0.333333
rCRS	1824	1834	0.2
rCRS	1834	1835	0.0909091
rCRS	1835	1836	0.0833333
rCRS	1836	1840	0.0769231
rCRS	1840	1841	0.05
rCRS	1841	1848	0.0588235
rCRS	1848	1849	0.0625
rCRS	1849	1852	0.0909091
rCRS	1852	1858	0.2
rCRS	1858	1859	0.25
rCRS	1859	1883	0.333333
rCRS	1883	1888	0.25
rCRS	1888	1893	0.166667
rCRS	1893	1894	0.142857
rCRS	1894	1896	0.2
rCRS	1896	1900	0.142857
rCRS	1900	1901	0.125
rCRS	1901	1902	0.111111
rCRS	1902	1905	0.1
rCRS	1905	1906	0.142857
rCRS	1906	1915	0.111111
rCRS	1915	1916	0.1
rCRS	1916	1917	0.0909091
rCRS	1917	1918	0.111111
rCRS	1918	1919	0.1
rCRS	1919	1924	0.166667
rCRS	1924	1927	0.125
rCRS	1927	1929	0.111111
rCRS	1929	1934	0.142857
rCRS	1934	1941	0.125
rCRS	1941	1951	0.142857
rCRS	1951	1956	0.166667
rCRS	1956	1965	0.2
rCRS	1965	1975	0.25
rCRS	1975	1977	0.333333
rCRS	1977	1986	0.2
rCRS	1986	1987	0.166667
rCRS	1987	1989	0.142857
rCRS	1989	1990	0.1
rCRS	1990	1994	0.111111
rCRS	1994	1995	0.1
rCRS	1995	1999	0.0588235
rCRS	1999	2000	0.0555556
rCRS	2000	2001	0.0526316
rCRS	2001	2002	0.05
rCRS	2002	2003	0.047619
rCRS	2003	2004	0.0454545
rCRS	2004	2005	0.0434783
rCRS	2005	2006	0.0384615
rCRS	2006	2007	0.0434783
rCRS	2007	2009	0.0454545
rCRS	2009	2012	0.0434783
rCRS	2012	2013	0.0454545
rCRS	2013	2015	0.05
rCRS	2015	2016	0.047619
rCRS	2016	2019	0.05
rCRS	2019	2020	0.0454545
rCRS	2020	2021	0.047619
rCRS	2021	2022	0.0454545
rCRS	2022	2023	0.047619
rCRS	2023	2026	0.0555556
rCRS	2026	2028	0.0769231
rCRS	2028	2029	0.0833333
rCRS	2029	2030	0.1
rCRS	2030	2031	0.0909091
rCRS	2031	2035	0.0769231
rCRS	2035	2036	0.0909091
rCRS	2036	2037	0.142857
rCRS	2037	2038	0.166667
rCRS	2038	2041	0.2
rCRS	2041	2050	0.25
rCRS	2050	2056	0.5
rCRS	2056	2069	0.25
rCRS	2069	2071	0.142857
rCRS	2071	2072	0.2
rCRS	2072	2076	0.142857
rCRS	2076	2077	0.111111
rCRS	2077	2079	0.125
rCRS	2079	2080	0.2
rCRS	2080	2086	0.142857
rCRS	2086	2090	0.111111
rCRS	2090	2101	0.25
rCRS	2101	2107	0.2
rCRS	2107	2109	0.166667
rCRS	2109	2110	0.142857
rCRS	2110	2128	0.166667
rCRS	2128	2134	0.2
rCRS	2134	2138	0.25
rCRS	2138	2143	0.333333
rCRS	2143	2164	0.25
rCRS	2164	2165	0.125
rCRS	2165	2168	0.111111
rCRS	2168	2169	0.0909091
rCRS	2169	2170	0.0769231
rCRS	2170	2171	0.0714286
rCRS	2171	2172	0.0666667
rCRS	2172	2173	0.047619
rCRS	2173	2174	0.0555556
rCRS	2174	2176	0.0526316
rCRS	2176	2177	0.0833333
rCRS	2177	2178	0.0454545
rCRS	2178	2179	0.0434783
rCRS	2179	2180	0.0454545
rCRS	2180	2182	0.047619
rCRS	2182	2185	0.0454545
rCRS	2185	2186	0.0416667
rCRS	2186	2187	0.0454545
rCRS	2187	2188	0.0666667
rCRS	2188	2189	0.0714286
rCRS	2189	2190	0.0909091
rCRS	2190	2191	0.111111
rCRS	2191	2192	0.166667
rCRS	2192	2193	0.333333
rCRS	2193	2194	0.5
rCRS	2194	2222	1
rCRS	2222	2224	0.5
rCRS	2224	2226	0.25
rCRS	2226	2227	0.166667
rCRS	2227	2228	0.25
rCRS	2228	2231	0.5
rCRS	2231	2242	1
rCRS	2242	2245	0.5
rCRS	2245	2250	0.333333
rCRS	2250	2257	1
rCRS	2257	2258	0.5
rCRS	2258	2262	0.333333
rCRS	2262	2269	0.25
rCRS	2269	2272	0.333333
rCRS	2272	2284	0.25
rCRS	2284	2285	0.2
rCRS	2285	2286	0.1
rCRS	2286	2288	0.125
rCRS	2288	2290	0.142857
rCRS	2290	2291	0.2
rCRS	2291	2293	0.25
rCRS	2293	2295	0.142857
rCRS	2295	2297	0.0833333
rCRS	2297	2298	0.0769231
rCRS	2298	2299	0.0833333
rCRS	2299	2300	0.0769231
rCRS	2300	2301	0.1
rCRS	2301	2310	0.142857
rCRS	2310	2311	0.125
rCRS	2311	2313	0.142857
rCRS	2313	2315	0.166667
rCRS	2315	2318	0.333333
rCRS	2318	2321	0.25
rCRS	2321	2357	1
rCRS	2357	2361	0.2
rCRS	2361	2363	0.166667
rCRS	2363	2374	0.2
rCRS	2374	2380	0.333333
rCRS	2380	2386	0.25
rCRS	2386	2392	0.333333
rCRS	2392	2393	0.2
rCRS	2393	2404	0.5
rCRS	2404	2412	0.166667
rCRS	2412	2413	0.333333
rCRS	2413	2415	0.5
rCRS	2415	2417	1
rCRS	2417	2423	0.333333
rCRS	2423	2432	0.125
rCRS	2432	2435	0.111111
rCRS	2435	2444	0.125
rCRS	2444	2447	0.0714286
rCRS	2447	2448	0.0909091
rCRS	2448	2449	0.0833333
rCRS	2449	2451	0.0909091
rCRS	2451	2453	0.1
rCRS	2453	2454	0.0909091
rCRS	2454	2456	0.0588235
rCRS	2456	2457	0.0555556
rCRS	2457	2458	0.0588235
rCRS	2458	2459	0.0454545
rCRS	2459	2460	0.047619
rCRS	2460	2461	0.05
rCRS	2461	2462	0.0666667
rCRS	2462	2467	0.0769231
rCRS	2467	2469	0.0714286
rCRS	2469	2474	0.0666667
rCRS	2474	2476	0.0588235
rCRS	2476	2477	0.0526316
rCRS	2477	2478	0.0454545
rCRS	2478	2482	0.047619
rCRS	2482	2485	0.0454545
rCRS	2485	2486	0.0416667
rCRS	2486	2487	0.04
rCRS	2487	2490	0.0384615
rCRS	2490	2491	0.037037
rCRS	2491	2492	0.0333333
rCRS	2492	2493	0.0322581
rCRS	2493	2495	0.0357143
rCRS	2495	2496	0.0416667
rCRS	2496	2501	0.0454545
rCRS	2501	2506	0.05
rCRS	2506	2507	0.0526316
rCRS	2507	2510	0.0555556
rCRS	2510	2511	0.05
rCRS	2511	2512	0.0714286
rCRS	2512	2514	0.0909091
rCRS	2514	2516	0.0833333
rCRS	2516	2517	0.0909091
rCRS	2517	2520	0.1
rCRS	2520	2523	0.111111
rCRS	2523	2525	0.05
rCRS	2525	2526	0.0454545
rCRS	2526	2527	0.0416667
rCRS	2527	2529	0.0769231
rCRS	2529	2531	0.0909091
rCRS	2531	2533	0.0769231
rCRS	2533	2536	0.166667
rCRS	2536	2537	0.25
rCRS	2537	2541	0.333333
rCRS	2541	2543	0.2
rCRS	2543	2557	0.25
rCRS	2557	2566	0.2
rCRS	2566	2567	0.166667
rCRS	2567	2571	0.142857
rCRS	2571	2572	0.1
rCRS	2572	2573	0.0833333
rCRS	2573	2574	0.0714286
rCRS	2574	2577	0.0769231
rCRS	2577	2581	0.047619
rCRS	2581	2583	0.037037
rCRS	2583	2584	0.0526316
rCRS	2584	2585	0.0454545
rCRS	2585	2586	0.04
rCRS	2586	2587	0.0416667
rCRS	2587	2588	0.04
rCRS	2588	2589	0.037037
rCRS	2589	2595	0.0357143
rCRS	2595	2596	0.0454545
rCRS	2596	2597	0.0434783
rCRS	2597	2600	0.0526316
rCRS	2600	2603	0.0555556
rCRS	2603	2604	0.0588235
rCRS	2604	2605	0.0555556
rCRS	2605	2606	0.0526316
rCRS	2606	2607	0.0588235
rCRS	2607	2608	0.0666667
rCRS	2608	2612	0.125
rCRS	2612	2613	0.142857
rCRS	2613	2615	0.125
rCRS	2615	2617	0.142857
rCRS	2617	2625	0.166667
rCRS	2625	2627	0.1
rCRS	2627	2629	0.0909091
rCRS	2629	2630	0.1
rCRS	2630	2632	0.0909091
rCRS	2632	2636	0.1
rCRS	2636	2637	0.111111
rCRS	2637	2638	0.166667
rCRS	2638	2639	0.0833333
rCRS	2639	2640	0.0625
rCRS	2640	2642	0.0769231
rCRS	2642	2643	0.0625
rCRS	2643	2644	0.0588235
rCRS	2644	2645	0.0625
rCRS	2645	2648	0.0588235
rCRS	2648	2649	0.0625
rCRS	2649	2650	0.0714286
rCRS	2650	2651	0.0625
rCRS	2651	2653	0.0666667
rCRS	2653	2655	0.0625
rCRS	2655	2656	0.0555556
rCRS	2656	2657	0.1
rCRS	2657	2667	0.166667
rCRS	2667	2671	0.142857
rCRS	2671	2672	0.2
rCRS	2672	2676	0.25
rCRS	2676	2678	0.2
rCRS	2678	2679	0.25
rCRS	2679	2680	0.2
rCRS	2680	2682	0.25
rCRS	2682	2691	0.5
rCRS	2691	2708	1
rCRS	2708	2709	0.25
rCRS	2709	2710	0.333333
rCRS	2710	2711	0.166667
rCRS	2711	2712	0.142857
rCRS	2712	2713	0.0909091
rCRS	2713	2714	0.0588235
rCRS	2714	2716	0.0833333
rCRS	2716	2718	0.0909091
rCRS	2718	2719	0.0625
rCRS	2719	2724	0.0588235
rCRS	2724	2726	0.0555556
rCRS	2726	2727	0.0769231
rCRS	2727	2728	0.0714286
rCRS	2728	2729	0.166667
rCRS	2729	2730	0.333333
rCRS	2730	2778	1
rCRS	2778	2779	0.333333
rCRS	2779	2782	0.25
rCRS	2782	2788	0.333333
rCRS	2788	2791	0.2
rCRS	2791	2792	0.166667
rCRS	2792	2793	0.125
rCRS	2793	2795	0.111111
rCRS	2795	2797	0.142857
rCRS	2797	2801	0.166667
rCRS	2801	2804	0.333333
rCRS	2804	2806	0.25
rCRS	2806	2807	0.333333
rCRS	2807	2812	0.5
rCRS	2812	2813	0.333333
rCRS	2813	2819	0.5
rCRS	2819	2850	1
rCRS	2850	2851	0.5
rCRS	2851	2888	1
rCRS	2888	2889	0.5
rCRS	2889	2890	0.333333
rCRS	2890	2897	0.25
rCRS	2897	2898	0.2
rCRS	2898	2903	0.142857
rCRS	2903	2906	0.166667
rCRS	2906	2907	0.0833333
rCRS	2907	2910	0.0909091
rCRS	2910	2911	0.1
rCRS	2911	2912	0.0833333
rCRS	2912	2913	0.0714286
rCRS	2913	2916	0.1
rCRS	2916	2920	0.0909091
rCRS	2920	2921	0.0588235
rCRS	2921	2927	0.0625
rCRS	2927	2928	0.0588235
rCRS	2928	2929	0.0625
rCRS	2929	2930	0.0666667
rCRS	2930	2931	0.0588235
rCRS	2931	2932	0.0625
rCRS	2932	2933	0.0588235
rCRS	2933	2935	0.0555556
rCRS	2935	2937	0.0526316
rCRS	2937	2938	0.0666667
rCRS	2938	2942	0.111111
rCRS	2942	2943	0.0833333
rCRS	2943	2944	0.0666667
rCRS	2944	2945	0.0588235
rCRS	2945	2946	0.0666667
rCRS	2946	2948	0.0714286
rCRS	2948	2951	0.0769231
rCRS	2951	2953	0.0714286
rCRS	2953	2959	0.0769231
rCRS	2959	2960	0.0833333
rCRS	2960	2966	0.0769231
rCRS	2966	2967	0.0833333
rCRS	2967	2968	0.0625
rCRS	2968	2969	0.0454545
rCRS	2969	2970	0.047619
rCRS	2970	2971	0.05
rCRS	2971	2976	0.047619
rCRS	2976	2979	0.0454545
rCRS	2979	2980	0.0666667
rCRS	2980	2985	0.1
rCRS	2985	2986	0.0909091
rCRS	2986	2987	0.0833333
rCRS	2987	2997	0.25
rCRS	2997	3000	0.333333
rCRS	3000	3007	0.5
rCRS	3007	3009	0.333333
rCRS	3009	3010	0.25
rCRS	3010	3013	0.2
rCRS	3013	3017	0.25
rCRS	3017	3018	0.2
rCRS	3018	3022	0.25
rCRS	3022	3028	0.2
rCRS	3028	3029	0.166667
rCRS	3029	3030	0.142857
rCRS	3030	3031	0.0769231
rCRS	3031	3032	0.1
rCRS	3032	3033	0.0909091
rCRS	3033	3034	0.0833333
rCRS	3034	3035	0.0909091
rCRS	3035	3036	0.0769231
rCRS	3036	3040	0.0588235
rCRS	3040	3041	0.0625
rCRS	3041	3042	0.0666667
rCRS	3042	3043	0.0625
rCRS	3043	3045	0.0666667
rCRS	3045	3046	0.0625
rCRS	3046	3047	0.0454545
rCRS	3047	3048	0.0416667
rCRS	3048	3049	0.0454545
rCRS	3049	3052	0.0625
rCRS	3052	3053	0.0666667
rCRS	3053	3057	0.0769231
rCRS	3057	3059	0.0714286
rCRS	3059	3060	0.0666667
rCRS	3060	3062	0.047619
rCRS	3062	3063	0.0526316
rCRS	3063	3064	0.0588235
rCRS	3064	3065	0.0625
rCRS	3065	3066	0.0666667
rCRS	3066	3070	0.0625
rCRS	3070	3075	0.0555556
rCRS	3075	3076	0.0625
rCRS	3076	3077	0.125
rCRS	3077	3078	0.5
rCRS	3078	3079	0.333333
rCRS	3079	3112	1
rCRS	3112	3113	0.5
rCRS	3113	3114	0.333333
rCRS	3114	3115	0.5
rCRS	3115	3116	1
rCRS	3116	3121	0.5
rCRS	3121	3123	0.333333
rCRS	3123	3126	0.25
rCRS	3126	3127	0.111111
rCRS	3127	3133	0.5
rCRS	3133	3196	1
rCRS	3196	3207	0.5
rCRS	3207	3208	0.333333
rCRS	3208	3209	0.142857
rCRS	3209	3212	0.1
rCRS	3212	3214	0.0833333
rCRS	3214	3215	0.0714286
rCRS	3215	3216	0.0625
rCRS	3216	3217	0.0666667
rCRS	3217	3218	0.0769231
rCRS	3218	3219	0.0833333
rCRS	3219	3220	0.0714286
rCRS	3220	3221	0.142857
rCRS	3221	3224	0.166667
rCRS	3224	3230	0.25
rCRS	3230	3236	0.2
rCRS	3236	3240	0.25
rCRS	3240	3245	0.333333
rCRS	3245	3250	1
rCRS	3250	3251	0.5
rCRS	3251	3252	0.333333
rCRS	3252	3257	0.5
rCRS	3257	3260	0.333333
rCRS	3260	3275	0.5
rCRS	3275	3276	0.111111
rCRS	3276	3277	0.25
rCRS	3277	3278	0.1
rCRS	3278	3279	0.0909091
rCRS	3279	3282	0.25
rCRS	3282	3285	0.5
rCRS	3285	3379	1
rCRS	3379	3380	0.5
rCRS	3380	3381	0.25
rCRS	3381	3382	0.166667
rCRS	3382	3384	0.2
rCRS	3384	3450	1
rCRS	3450	3453	0.5
rCRS	3453	3499	1
rCRS	3499	3516	0.5
rCRS	3516	3604	1
rCRS	3604	3613	0.5
rCRS	3613	3651	1
rCRS	3651	3675	0.5
rCRS	3675	3705	1
rCRS	3705	3706	0.5
rCRS	3706	3708	0.333333
rCRS	3708	3709	0.5
rCRS	3709	3711	0.333333
rCRS	3711	3713	0.2
rCRS	3713	3714	0.142857
rCRS	3714	3715	0.0909091
rCRS	3715	3717	0.1
rCRS	3717	3718	0.142857
rCRS	3718	3719	0.25
rCRS	3719	3721	0.2
rCRS	3721	3723	0.166667
rCRS	3723	3727	0.5
rCRS	3727	3730	1
rCRS	3730	3733	0.5
rCRS	3733	3787	1
rCRS	3787	3795	0.5
rCRS	3795	3796	0.333333
rCRS	3796	3798	0.5
rCRS	3798	3804	0.333333
rCRS	3804	3834	0.5
rCRS	3834	3835	0.142857
rCRS	3835	3836	0.125
rCRS	3836	3837	0.142857
rCRS	3837	3840	0.166667
rCRS	3840	3842	0.2
rCRS	3842	3843	0.166667
rCRS	3843	3844	0.142857
rCRS	3844	3846	0.166667
rCRS	3846	3847	0.2
rCRS	3847	3849	0.1
rCRS	3849	3850	0.0588235
rCRS	3850	3851	0.0625
rCRS	3851	3852	0.0588235
rCRS	3852	3855	0.111111
rCRS	3855	3858	0.2
rCRS	3858	3859	0.25
rCRS	3859	3862	0.333333
rCRS	3862	3918	1
rCRS	3918	3924	0.5
rCRS	3924	3925	0.25
rCRS	3925	3930	0.2
rCRS	3930	3931	0.25
rCRS	3931	3933	0.333333
rCRS	3933	3954	1
rCRS	3954	3962	0.5
rCRS	3962	3963	1
rCRS	3963	3966	0.5
rCRS	3966	3993	1
rCRS	3993	3995	0.5
rCRS	3995	4102	1
rCRS	4102	4104	0.333333
rCRS	4104	4108	1
rCRS	4108	4111	0.5
rCRS	4111	4113	1
rCRS	4113	4116	0.5
rCRS	4116	4117	0.25
rCRS	4117	4130	0.5
rCRS	4130	4134	0.333333
rCRS	4134	4135	0.5
rCRS	4135	4141	1
rCRS	4141	4153	0.5
rCRS	4153	4156	0.333333
rCRS	4156	4164	0.5
rCRS	4164	4165	1
rCRS	4165	4166	0.5
rCRS	4166	4170	1
rCRS	4170	4171	0.5
rCRS	4171	4173	0.333333
rCRS	4173	4174	0.25
rCRS	4174	4176	0.333333
rCRS	4176	4245	1
rCRS	4245	4247	0.5
rCRS	4247	4251	0.333333
rCRS	4251	4252	0.25
rCRS	4252	4254	0.333333
rCRS	4254	4255	0.2
rCRS	4255	4256	0.166667
rCRS	4256	4257	0.2
rCRS	4257	4258	0.166667
rCRS	4258	4259	0.2
rCRS	4259	4260	0.25
rCRS	4260	4262	0.0833333
rCRS	4262	4263	0.0769231
rCRS	4263	4264	0.0625
rCRS	4264	4265	0.0588235
rCRS	4265	4266	0.0555556
rCRS	4266	4267	0.0588235
rCRS	4267	4268	0.0555556
rCRS	4268	4272	0.0769231
rCRS	4272	4273	0.0714286
rCRS	4273	4274	0.1
rCRS	4274	4275	0.111111
rCRS	4275	4277	0.125
rCRS	4277	4278	0.0666667
rCRS	4278	4279	0.0714286
rCRS	4279	4280	0.142857
rCRS	4280	4281	0.25
rCRS	4281	4282	0.333333
rCRS	4282	4283	0.5
rCRS	4283	4339	1
rCRS	4339	4340	0.333333
rCRS	4340	4343	0.142857
rCRS	4343	4345	0.166667
rCRS	4345	4346	0.0909091
rCRS	4346	4348	0.2
rCRS	4348	4350	0.166667
rCRS	4350	4353	0.2
rCRS	4353	4355	0.0769231
rCRS	4355	4356	0.0833333
rCRS	4356	4357	0.1
rCRS	4357	4360	0.125
rCRS	4360	4363	0.111111
rCRS	4363	4364	0.25
rCRS	4364	4365	0.5
rCRS	4365	4376	1
rCRS	4376	4380	0.5
rCRS	4380	4385	0.25
rCRS	4385	4386	0.166667
rCRS	4386	4387	0.2
rCRS	4387	4389	0.166667
rCRS	4389	4392	0.2
rCRS	4392	4393	0.166667
rCRS	4393	4394	0.1
rCRS	4394	4395	0.0588235
rCRS	4395	4396	0.05
rCRS	4396	4397	0.0625
rCRS	4397	4399	0.0714286
rCRS	4399	4401	0.0769231
rCRS	4401	4402	0.0526316
rCRS	4402	4403	0.0555556
rCRS	4403	4404	0.05
rCRS	4404	4405	0.0526316
rCRS	4405	4406	0.05
rCRS	4406	4408	0.0555556
rCRS	4408	4409	0.0526316
rCRS	4409	4410	0.0625
rCRS	4410	4411	0.1
rCRS	4411	4413	0.111111
rCRS	4413	4414	0.1
rCRS	4414	4415	0.111111
rCRS	4415	4416	0.1
rCRS	4416	4418	0.0454545
rCRS	4418	4420	0.0434783
rCRS	4420	4424	0.0454545
rCRS	4424	4425	0.047619
rCRS	4425	4426	0.0454545
rCRS	4426	4427	0.111111
rCRS	4427	4428	0.1
rCRS	4428	4429	0.0434783
rCRS	4429	4430	0.0416667
rCRS	4430	4433	0.04
rCRS	4433	4434	0.0416667
rCRS	4434	4437	0.166667
rCRS	4437	4439	0.142857
rCRS	4439	4440	0.111111
rCRS	4440	4441	0.0833333
rCRS	4441	4445	0.0769231
rCRS	4445	4446	0.0909091
rCRS	4446	4447	0.0833333
rCRS	4447	4448	0.0909091
rCRS	4448	4449	0.2
rCRS	4449	4451	0.333333
rCRS	4451	4456	1
rCRS	4456	4460	0.5
rCRS	4460	4555	1
rCRS	4555	4556	0.5
rCRS	4556	4560	1
rCRS	4560	4566	0.5
rCRS	4566	4680	1
rCRS	4680	4703	0.5
rCRS	4703	4704	1
rCRS	4704	4706	0.5
rCRS	4706	4769	1
rCRS	4769	4772	0.5
rCRS	4772	4773	0.142857
rCRS	4773	4775	0.0769231
rCRS	4775	4777	0.0833333
rCRS	4777	4781	0.0555556
rCRS	4781	4784	0.0625
rCRS	4784	4785	0.0769231
rCRS	4785	4786	0.0625
rCRS	4786	4789	0.0588235
rCRS	4789	4790	0.0625
rCRS	4790	4792	0.0769231
rCRS	4792	4793	0.0714286
rCRS	4793	4796	0.111111
rCRS	4796	4802	0.125
rCRS	4802	4804	0.25
rCRS	4804	4805	0.333333
rCRS	4805	4806	0.2
rCRS	4806	4851	1
rCRS	4851	4852	0.111111
rCRS	4852	4854	0.1
rCRS	4854	4858	0.0909091
rCRS	4858	4859	0.111111
rCRS	4859	4861	0.1
rCRS	4861	4862	0.111111
rCRS	4862	4865	0.2
rCRS	4865	4867	0.333333
rCRS	4867	4868	0.5
rCRS	4868	4938	1
rCRS	4938	4943	0.5
rCRS	4943	5099	1
rCRS	5099	5100	0.5
rCRS	5100	5105	1
rCRS	5105	5107	0.5
rCRS	5107	5108	0.333333
rCRS	5108	5123	0.5
rCRS	5123	5147	1
rCRS	5147	5159	0.5
rCRS	5159	5164	1
rCRS	5164	5165	0.5
rCRS	5165	5189	1
rCRS	5189	5204	0.5
rCRS	5204	5279	1
rCRS	5279	5284	0.5
rCRS	5284	5295	1
rCRS	5295	5296	0.5
rCRS	5296	5375	1
rCRS	5375	5393	0.5
rCRS	5393	5394	0.333333
rCRS	5394	5400	0.5
rCRS	5400	5402	0.333333
rCRS	5402	5403	0.5
rCRS	5403	5529	1
rCRS	5529	5530	0.142857
rCRS	5530	5532	0.0833333
rCRS	5532	5533	0.142857
rCRS	5533	5534	0.333333
rCRS	5534	5564	1
rCRS	5564	5574	0.5
rCRS	5574	5583	1
rCRS	5583	5585	0.5
rCRS	5585	5593	0.25
rCRS	5593	5599	0.333333
rCRS	5599	5601	0.25
rCRS	5601	5602	0.5
rCRS	5602	5603	0.333333
rCRS	5603	5604	0.5
rCRS	5604	5606	0.25
rCRS	5606	5616	0.2
rCRS	5616	5617	0.166667
rCRS	5617	5618	0.0666667
rCRS	5618	5622	0.0714286
rCRS	5622	5625	0.0588235
rCRS	5625	5626	0.0714286
rCRS	5626	5629	0.1
rCRS	5629	5631	0.0909091
rCRS	5631	5632	0.0625
rCRS	5632	5633	0.0909091
rCRS	5633	5634	0.166667
rCRS	5634	5635	0.333333
rCRS	5635	5655	0.5
rCRS	5655	5656	1
rCRS	5656	5657	0.5
rCRS	5657	5666	1
rCRS	5666	5673	0.5
rCRS	5673	5685	1
rCRS	5685	5686	0.125
rCRS	5686	5687	0.142857
rCRS	5687	5688	0.0625
rCRS	5688	5689	0.0588235
rCRS	5689	5690	0.0555556
rCRS	5690	5691	0.0588235
rCRS	5691	5698	0.0555556
rCRS	5698	5700	0.0526316
rCRS	5700	5703	0.0555556
rCRS	5703	5704	0.0454545
rCRS	5704	5705	0.0434783
rCRS	5705	5707	0.0454545
rCRS	5707	5708	0.047619
rCRS	5708	5710	0.0526316
rCRS	5710	5711	0.0588235
rCRS	5711	5712	0.0625
rCRS	5712	5713	0.1
rCRS	5713	5717	0.25
rCRS	5717	5734	0.5
rCRS	5734	5742	0.333333
rCRS	5742	5745	0.25
rCRS	5745	5749	0.333333
rCRS	5749	5756	0.2
rCRS	5756	5760	0.25
rCRS	5760	5767	0.333333
rCRS	5767	5774	0.166667
rCRS	5774	5775	0.0322581
rCRS	5775	5776	0.03125
rCRS	5776	5777	0.142857
rCRS	5777	5779	0.166667
rCRS	5779	5783	0.2
rCRS	5783	5787	0.333333
rCRS	5787	5790	0.25
rCRS	5790	5791	0.1
rCRS	5791	5793	0.142857
rCRS	5793	5794	0.2
rCRS	5794	5804	0.25
rCRS	5804	5809	0.2
rCRS	5809	5810	0.142857
rCRS	5810	5812	0.111111
rCRS	5812	5813	0.333333
rCRS	5813	5840	0.5
rCRS	5840	5841	0.25
rCRS	5841	5842	0.2
rCRS	5842	5843	0.1
rCRS	5843	5845	0.0909091
rCRS	5845	5847	0.25
rCRS	5847	5852	0.5
rCRS	5852	5864	0.333333
rCRS	5864	5867	0.5
rCRS	5867	5868	0.333333
rCRS	5868	5869	0.5
rCRS	5869	5930	1
rCRS	5930	5934	0.5
rCRS	5934	5948	1
rCRS	5948	5950	0.5
rCRS	5950	5975	1
rCRS	5975	5987	0.5
rCRS	5987	5988	1
rCRS	5988	5990	0.5
rCRS	5990	6029	1
rCRS	6029	6032	0.5
rCRS	6032	6033	0.333333
rCRS	6033	6035	0.5
rCRS	6035	6036	0.333333
rCRS	6036	6057	0.5
rCRS	6057	6071	1
rCRS	6071	6074	0.5
rCRS	6074	6092	1
rCRS	6092	6095	0.5
rCRS	6095	6098	0.333333
rCRS	6098	6101	0.5
rCRS	6101	6112	0.333333
rCRS	6112	6113	0.25
rCRS	6113	6117	0.2
rCRS	6117	6122	0.25
rCRS	6122	6125	0.2
rCRS	6125	6126	0.333333
rCRS	6126	6145	0.5
rCRS	6145	6155	0.333333
rCRS	6155	6165	0.5
rCRS	6165	6167	0.333333
rCRS	6167	6175	0.5
rCRS	6175	6185	0.333333
rCRS	6185	6186	0.25
rCRS	6186	6191	0.333333
rCRS	6191	6200	0.5
rCRS	6200	6222	1
rCRS	6222	6269	0.5
rCRS	6269	6272	0.333333
rCRS	6272	6274	0.25
rCRS	6274	6280	0.333333
rCRS	6280	6287	0.5
rCRS	6287	6294	0.333333
rCRS	6294	6296	0.25
rCRS	6296	6299	0.333333
rCRS	6299	6305	0.5
rCRS	6305	6308	0.333333
rCRS	6308	6359	0.5
rCRS	6359	6362	0.333333
rCRS	6362	6364	0.5
rCRS	6364	6365	0.333333
rCRS	6365	6388	0.5
rCRS	6388	6393	0.333333
rCRS	6393	6401	0.5
rCRS	6401	6402	0.333333
rCRS	6402	6422	0.5
rCRS	6422	6433	1
rCRS	6433	6434	0.5
rCRS	6434	6438	0.25
rCRS	6438	6455	0.333333
rCRS	6455	6458	0.25
rCRS	6458	6467	0.333333
rCRS	6467	6468	1
rCRS	6468	6474	0.5
rCRS	6474	6485	1
rCRS	6485	6488	0.333333
rCRS	6488	6491	0.166667
rCRS	6491	6492	0.5
rCRS	6492	6496	0.333333
rCRS	6496	6498	0.25
rCRS	6498	6500	0.333333
rCRS	6500	6528	0.5
rCRS	6528	6537	0.333333
rCRS	6537	6539	0.5
rCRS	6539	6551	1
rCRS	6551	6557	0.5
rCRS	6557	6575	1
rCRS	6575	6590	0.5
rCRS	6590	6593	0.333333
rCRS	6593	6596	0.2
rCRS	6596	6603	0.5
rCRS	6603	6606	0.25
rCRS	6606	6608	0.333333
rCRS	6608	6617	1
rCRS	6617	6618	0.2
rCRS	6618	6620	0.25
rCRS	6620	6624	0.2
rCRS	6624	6625	0.166667
rCRS	6625	6626	0.2
rCRS	6626	6627	0.25
rCRS	6627	6632	0.333333
rCRS	6632	6635	0.166667
rCRS	6635	6638	0.2
rCRS	6638	6641	0.1
rCRS	6641	6644	0.142857
rCRS	6644	6650	0.166667
rCRS	6650	6680	0.25
rCRS	6680	6685	0.333333
rCRS	6685	6689	0.25
rCRS	6689	6695	0.333333
rCRS	6695	6698	0.25
rCRS	6698	6704	0.333333
rCRS	6704	6707	0.5
rCRS	6707	6710	0.333333
rCRS	6710	6713	0.25
rCRS	6713	6716	0.2
rCRS	6716	6719	0.25
rCRS	6719	6720	0.2
rCRS	6720	6722	0.333333
rCRS	6722	6725	0.166667
rCRS	6725	6731	0.25
rCRS	6731	6732	0.125
rCRS	6732	6734	0.142857
rCRS	6734	6737	0.166667
rCRS	6737	6746	0.25
rCRS	6746	6750	0.2
rCRS	6750	6761	0.166667
rCRS	6761	6762	0.142857
rCRS	6762	6763	0.125
rCRS	6763	6764	0.142857
rCRS	6764	6767	0.1
rCRS	6767	6768	0.0909091
rCRS	6768	6770	0.111111
rCRS	6770	6773	0.0666667
rCRS	6773	6776	0.0833333
rCRS	6776	6777	0.0714286
rCRS	6777	6778	0.1
rCRS	6778	6780	0.125
rCRS	6780	6785	0.111111
rCRS	6785	6787	0.2
rCRS	6787	6791	0.166667
rCRS	6791	6794	0.142857
rCRS	6794	6796	0.25
rCRS	6796	6797	0.166667
rCRS	6797	6798	0.142857
rCRS	6798	6799	0.111111
rCRS	6799	6800	0.1
rCRS	6800	6803	0.142857
rCRS	6803	6806	0.125
rCRS	6806	6807	0.25
rCRS	6807	6808	0.166667
rCRS	6808	6809	0.2
rCRS	6809	6816	0.25
rCRS	6816	6839	0.2
rCRS	6839	6846	0.166667
rCRS	6846	6848	0.142857
rCRS	6848	6872	0.2
rCRS	6872	6877	0.25
rCRS	6877	6878	0.333333
rCRS	6878	6887	0.166667
rCRS	6887	6896	0.25
rCRS	6896	6898	0.2
rCRS	6898	6899	0.166667
rCRS	6899	6902	0.142857
rCRS	6902	6905	0.125
rCRS	6905	6908	0.142857
rCRS	6908	6909	0.333333
rCRS	6909	6911	0.25
rCRS	6911	6914	0.2
rCRS	6914	6916	0.25
rCRS	6916	6917	0.333333
rCRS	6917	6918	0.2
rCRS	6918	6919	0.125
rCRS	6919	6920	0.142857
rCRS	6920	6929	0.5
rCRS	6929	6950	1
rCRS	6950	6953	0.333333
rCRS	6953	6960	0.25
rCRS	6960	6962	0.333333
rCRS	6962	6965	0.25
rCRS	6965	6967	0.166667
rCRS	6967	6968	0.142857
rCRS	6968	6969	0.166667
rCRS	6969	6980	0.2
rCRS	6980	6984	0.25
rCRS	6984	6998	0.333333
rCRS	6998	7008	0.5
rCRS	7008	7010	0.333333
rCRS	7010	7013	0.5
rCRS	7013	7014	0.25
rCRS	7014	7016	0.333333
rCRS	7016	7019	0.2
rCRS	7019	7024	0.125
rCRS	7024	7028	0.142857
rCRS	7028	7031	0.25
rCRS	7031	7034	0.142857
rCRS	7034	7037	0.25
rCRS	7037	7040	0.2
rCRS	7040	7042	0.166667
rCRS	7042	7043	0.2
rCRS	7043	7044	0.166667
rCRS	7044	7046	0.142857
rCRS	7046	7049	0.166667
rCRS	7049	7052	0.25
rCRS	7052	7064	0.5
rCRS	7064	7070	0.333333
rCRS	7070	7072	0.5
rCRS	7072	7076	0.333333
rCRS	7076	7088	0.25
rCRS	7088	7108	0.333333
rCRS	7108	7116	0.5
rCRS	7116	7133	1
rCRS	7133	7139	0.5
rCRS	7139	7145	1
rCRS	7145	7154	0.5
rCRS	7154	7158	0.333333
rCRS	7158	7160	0.25
rCRS	7160	7161	0.166667
rCRS	7161	7166	0.2
rCRS	7166	7167	0.25
rCRS	7167	7169	0.333333
rCRS	7169	7181	0.25
rCRS	7181	7196	1
rCRS	7196	7205	0.333333
rCRS	7205	7250	0.25
rCRS	7250	7259	0.333333
rCRS	7259	7260	0.25
rCRS	7260	7261	0.2
rCRS	7261	7262	0.25
rCRS	7262	7268	0.2
rCRS	7268	7269	0.166667
rCRS	7269	7271	0.142857
rCRS	7271	7272	0.166667
rCRS	7272	7273	0.333333
rCRS	7273	7280	0.5
rCRS	7280	7286	0.2
rCRS	7286	7287	0.166667
rCRS	7287	7289	0.142857
rCRS	7289	7296	0.5
rCRS	7296	7297	0.333333
rCRS	7297	7298	0.5
rCRS	7298	7301	0.333333
rCRS	7301	7302	0.5
rCRS	7302	7307	0.2
rCRS	7307	7325	0.5
rCRS	7325	7327	0.333333
rCRS	7327	7394	0.5
rCRS	7394	7398	0.333333
rCRS	7398	7415	0.5
rCRS	7415	7417	0.333333
rCRS	7417	7427	0.5
rCRS	7427	7428	0.333333
rCRS	7428	7430	0.25
rCRS	7430	7432	0.2
rCRS	7432	7433	0.25
rCRS	7433	7438	0.333333
rCRS	7438	7440	0.5
rCRS	7440	7441	0.25
rCRS	7441	7443	0.5
rCRS	7443	7463	1
rCRS	7463	7466	0.5
rCRS	7466	7471	1
rCRS	7471	7473	0.5
rCRS	7473	7497	1
rCRS	7497	7521	0.5
rCRS	7521	7528	0.333333
rCRS	7528	7529	0.111111
rCRS	7529	7533	0.5
rCRS	7533	7534	0.142857
rCRS	7534	7535	0.111111
rCRS	7535	7537	0.1
rCRS	7537	7538	0.2
rCRS	7538	7539	0.111111
rCRS	7539	7541	0.0909091
rCRS	7541	7542	0.125
rCRS	7542	7546	0.333333
rCRS	7546	7559	0.5
rCRS	7559	7561	0.25
rCRS	7561	7565	0.5
rCRS	7565	7567	1
rCRS	7567	7569	0.5
rCRS	7569	7575	1
rCRS	7575	7609	0.5
rCRS	7609	7612	0.333333
rCRS	7612	7614	0.25
rCRS	7614	7615	0.333333
rCRS	7615	7645	1
rCRS	7645	7648	0.333333
rCRS	7648	7649	0.5
rCRS	7649	7651	0.25
rCRS	7651	7654	0.333333
rCRS	7654	7658	0.5
rCRS	7658	7684	1
rCRS	7684	7702	0.5
rCRS	7702	7705	0.333333
rCRS	7705	7714	0.5
rCRS	7714	7717	0.333333
rCRS	7717	7729	0.5
rCRS	7729	7795	1
rCRS	7795	7807	0.5
rCRS	7807	7810	1
rCRS	7810	7819	0.5
rCRS	7819	7864	1
rCRS	7864	7870	0.5
rCRS	7870	7908	1
rCRS	7908	7924	0.5
rCRS	7924	7927	1
rCRS	7927	8021	0.5
rCRS	8021	8023	0.25
rCRS	8023	8026	0.333333
rCRS	8026	8032	0.5
rCRS	8032	8033	0.333333
rCRS	8033	8035	0.25
rCRS	8035	8037	0.5
rCRS	8037	8039	0.333333
rCRS	8039	8045	0.25
rCRS	8045	8047	0.5
rCRS	8047	8053	0.333333
rCRS	8053	8056	0.5
rCRS	8056	8057	0.333333
rCRS	8057	8059	0.5
rCRS	8059	8065	0.333333
rCRS	8065	8074	0.25
rCRS	8074	8075	0.333333
rCRS	8075	8080	0.25
rCRS	8080	8083	0.333333
rCRS	8083	8087	0.25
rCRS	8087	8089	0.2
rCRS	8089	8092	0.333333
rCRS	8092	8093	0.5
rCRS	8093	8104	0.25
rCRS	8104	8110	0.5
rCRS	8110	8113	0.25
rCRS	8113	8119	0.5
rCRS	8119	8122	0.25
rCRS	8122	8137	0.333333
rCRS	8137	8145	0.5
rCRS	8145	8146	0.333333
rCRS	8146	8152	1
rCRS	8152	8161	0.333333
rCRS	8161	8230	0.5
rCRS	8230	8284	1
rCRS	8284	8294	0.5
rCRS	8294	8307	0.333333
rCRS	8307	8308	0.25
rCRS	8308	8310	0.333333
rCRS	8310	8311	0.166667
rCRS	8311	8312	0.142857
rCRS	8312	8317	0.2
rCRS	8317	8318	0.25
rCRS	8318	8351	0.5
rCRS	8351	8353	0.333333
rCRS	8353	8416	0.5
rCRS	8416	8423	0.333333
rCRS	8423	8425	0.25
rCRS	8425	8433	0.333333
rCRS	8433	8437	0.5
rCRS	8437	8460	1
rCRS	8460	8461	0.5
rCRS	8461	8476	0.333333
rCRS	8476	8479	0.5
rCRS	8479	8503	1
rCRS	8503	8506	0.5
rCRS	8506	8508	0.25
rCRS	8508	8511	0.166667
rCRS	8511	8512	0.25
rCRS	8512	8522	0.2
rCRS	8522	8524	0.166667
rCRS	8524	8527	0.142857
rCRS	8527	8529	0.166667
rCRS	8529	8532	0.2
rCRS	8532	8538	0.25
rCRS	8538	8544	0.5
rCRS	8544	8545	0.333333
rCRS	8545	8550	0.25
rCRS	8550	8562	0.5
rCRS	8562	8586	0.333333
rCRS	8586	8616	0.5
rCRS	8616	8617	0.333333
rCRS	8617	8622	0.25
rCRS	8622	8624	0.333333
rCRS	8624	8646	0.25
rCRS	8646	8652	0.333333
rCRS	8652	8709	0.5
rCRS	8709	8710	0.333333
rCRS	8710	8712	0.5
rCRS	8712	8713	0.333333
rCRS	8713	8714	0.5
rCRS	8714	8715	0.333333
rCRS	8715	8719	0.25
rCRS	8719	8724	0.333333
rCRS	8724	8751	0.5
rCRS	8751	8754	0.333333
rCRS	8754	8756	0.5
rCRS	8756	8763	0.333333
rCRS	8763	8765	1
rCRS	8765	8771	0.5
rCRS	8771	8775	1
rCRS	8775	8780	0.333333
rCRS	8780	8787	0.5
rCRS	8787	8796	0.333333
rCRS	8796	8799	0.25
rCRS	8799	8802	0.333333
rCRS	8802	8809	0.5
rCRS	8809	8824	0.333333
rCRS	8824	8826	0.5
rCRS	8826	8850	1
rCRS	8850	8852	0.5
rCRS	8852	8899	1
rCRS	8899	8900	0.2
rCRS	8900	8910	1
rCRS	8910	8913	0.5
rCRS	8913	8940	1
rCRS	8940	8944	0.5
rCRS	8944	8952	1
rCRS	8952	8956	0.5
rCRS	8956	8958	1
rCRS	8958	8964	0.5
rCRS	8964	8976	1
rCRS	8976	8979	0.5
rCRS	8979	8986	1
rCRS	8986	8988	0.5
rCRS	8988	8994	1
rCRS	8994	9006	0.5
rCRS	9006	9009	1
rCRS	9009	9013	0.5
rCRS	9013	9018	1
rCRS	9018	9024	0.5
rCRS	9024	9043	1
rCRS	9043	9045	0.5
rCRS	9045	9129	1
rCRS	9129	9138	0.5
rCRS	9138	9148	1
rCRS	9148	9150	0.5
rCRS	9150	9185	1
rCRS	9185	9186	0.5
rCRS	9186	9189	0.25
rCRS	9189	9192	0.5
rCRS	9192	9193	0.25
rCRS	9193	9194	0.111111
rCRS	9194	9195	0.2
rCRS	9195	9196	0.142857
rCRS	9196	9198	0.166667
rCRS	9198	9199	0.111111
rCRS	9199	9200	0.125
rCRS	9200	9201	0.25
rCRS	9201	9202	0.166667
rCRS	9202	9203	0.2
rCRS	9203	9204	0.333333
rCRS	9204	9208	0.25
rCRS	9208	9209	0.2
rCRS	9209	9210	0.5
rCRS	9210	9219	0.333333
rCRS	9219	9221	0.25
rCRS	9221	9255	0.333333
rCRS	9255	9257	0.25
rCRS	9257	9259	0.333333
rCRS	9259	9275	0.5
rCRS	9275	9333	1
rCRS	9333	9337	0.5
rCRS	9337	9338	0.25
rCRS	9338	9339	0.166667
rCRS	9339	9341	0.142857
rCRS	9341	9343	0.166667
rCRS	9343	9346	0.142857
rCRS	9346	9347	0.166667
rCRS	9347	9348	0.2
rCRS	9348	9350	0.166667
rCRS	9350	9356	0.333333
rCRS	9356	9368	1
rCRS	9368	9391	0.5
rCRS	9391	9392	0.333333
rCRS	9392	9393	0.25
rCRS	9393	9399	0.333333
rCRS	9399	9404	0.5
rCRS	9404	9410	0.333333
rCRS	9410	9428	0.5
rCRS	9428	9429	0.333333
rCRS	9429	9476	0.5
rCRS	9476	9477	1
rCRS	9477	9479	0.5
rCRS	9479	9497	1
rCRS	9497	9500	0.5
rCRS	9500	9506	1
rCRS	9506	9509	0.5
rCRS	9509	9510	0.333333
rCRS	9510	9522	0.5
rCRS	9522	9524	0.25
rCRS	9524	9530	1
rCRS	9530	9537	0.5
rCRS	9537	9539	0.333333
rCRS	9539	9540	0.5
rCRS	9540	9542	0.25
rCRS	9542	9545	0.333333
rCRS	9545	9560	0.5
rCRS	9560	9565	0.333333
rCRS	9565	9572	0.5
rCRS	9572	9596	0.333333
rCRS	9596	9599	0.5
rCRS	9599	9611	0.333333
rCRS	9611	9615	0.5
rCRS	9615	9617	0.333333
rCRS	9617	9638	0.5
rCRS	9638	9641	1
rCRS	9641	9650	0.5
rCRS	9650	9656	1
rCRS	9656	9662	0.5
rCRS	9662	9677	1
rCRS	9677	9678	0.333333
rCRS	9678	9717	1
rCRS	9717	9726	0.5
rCRS	9726	9771	1
rCRS	9771	9779	0.5
rCRS	9779	9787	0.333333
rCRS	9787	9788	0.25
rCRS	9788	9800	0.333333
rCRS	9800	9801	0.5
rCRS	9801	9803	0.333333
rCRS	9803	9806	0.5
rCRS	9806	9809	0.142857
rCRS	9809	9811	1
rCRS	9811	9818	0.5
rCRS	9818	9819	0.25
rCRS	9819	9821	0.142857
rCRS	9821	9822	0.2
rCRS	9822	9823	0.05
rCRS	9823	9824	0.5
rCRS	9824	9827	0.333333
rCRS	9827	9828	0.5
rCRS	9828	9830	0.25
rCRS	9830	9839	1
rCRS	9839	9847	0.5
rCRS	9847	9857	1
rCRS	9857	9875	0.5
rCRS	9875	9877	1
rCRS	9877	9880	0.333333
rCRS	9880	9881	0.2
rCRS	9881	9887	0.5
rCRS	9887	9888	0.333333
rCRS	9888	9891	0.5
rCRS	9891	9893	1
rCRS	9893	9899	0.5
rCRS	9899	9962	1
rCRS	9962	9968	0.5
rCRS	9968	9971	0.2
rCRS	9971	9972	0.037037
rCRS	9972	9973	0.0384615
rCRS	9973	9974	0.0333333
rCRS	9974	9975	0.0277778
rCRS	9975	9977	0.0285714
rCRS	9977	9982	0.0277778
rCRS	9982	9983	0.027027
rCRS	9983	9984	0.0277778
rCRS	9984	9986	0.0357143
rCRS	9986	9987	0.0322581
rCRS	9987	9988	0.0357143
rCRS	9988	9989	0.333333
rCRS	9989	9996	0.2
rCRS	9996	9997	0.25
rCRS	9997	9999	0.333333
rCRS	9999	10013	0.5
rCRS	10013	10040	1
rCRS	10040	10053	0.5
rCRS	10053	10104	1
rCRS	10104	10105	0.0416667
rCRS	10105	10109	0.04
rCRS	10109	10112	0.5
rCRS	10112	10128	1
rCRS	10128	10132	0.5
rCRS	10132	10139	1
rCRS	10139	10182	0.5
rCRS	10182	10196	1
rCRS	10196	10197	0.5
rCRS	10197	10203	1
rCRS	10203	10205	0.333333
rCRS	10205	10208	0.5
rCRS	10208	10268	1
rCRS	10268	10277	0.5
rCRS	10277	10278	0.333333
rCRS	10278	10283	1
rCRS	10283	10292	0.5
rCRS	10292	10322	1
rCRS	10322	10323	0.5
rCRS	10323	10324	1
rCRS	10324	10325	0.5
rCRS	10325	10331	0.333333
rCRS	10331	10347	0.5
rCRS	10347	10378	1
rCRS	10378	10379	0.2
rCRS	10379	10380	0.125
rCRS	10380	10381	0.2
rCRS	10381	10385	0.333333
rCRS	10385	10387	0.25
rCRS	10387	10388	0.333333
rCRS	10388	10390	0.25
rCRS	10390	10391	0.333333
rCRS	10391	10398	0.5
rCRS	10398	10417	0.333333
rCRS	10417	10420	0.25
rCRS	10420	10422	0.166667
rCRS	10422	10425	0.2
rCRS	10425	10428	0.25
rCRS	10428	10454	0.333333
rCRS	10454	10456	0.5
rCRS	10456	10461	0.333333
rCRS	10461	10467	0.25
rCRS	10467	10473	0.333333
rCRS	10473	10478	0.25
rCRS	10478	10505	0.333333
rCRS	10505	10508	0.5
rCRS	10508	10510	0.333333
rCRS	10510	10536	0.5
rCRS	10536	10540	0.333333
rCRS	10540	10544	0.25
rCRS	10544	10547	0.333333
rCRS	10547	10548	0.125
rCRS	10548	10549	0.142857
rCRS	10549	10550	0.125
rCRS	10550	10551	0.142857
rCRS	10551	10552	0.333333
rCRS	10552	10553	0.25
rCRS	10553	10555	0.0909091
rCRS	10555	10556	0.0833333
rCRS	10556	10557	0.333333
rCRS	10557	10571	0.5
rCRS	10571	10586	1
rCRS	10586	10592	0.5
rCRS	10592	10603	0.333333
rCRS	10603	10613	0.25
rCRS	10613	10616	0.333333
rCRS	10616	10622	0.25
rCRS	10622	10623	0.333333
rCRS	10623	10640	0.5
rCRS	10640	10646	1
rCRS	10646	10647	0.5
rCRS	10647	10679	1
rCRS	10679	10685	0.333333
rCRS	10685	10694	0.25
rCRS	10694	10698	0.2
rCRS	10698	10700	0.142857
rCRS	10700	10701	0.125
rCRS	10701	10703	0.111111
rCRS	10703	10706	0.25
rCRS	10706	10707	0.2
rCRS	10707	10708	0.25
rCRS	10708	10712	0.2
rCRS	10712	10720	0.333333
rCRS	10720	10721	0.2
rCRS	10721	10722	0.25
rCRS	10722	10730	0.333333
rCRS	10730	10747	0.25
rCRS	10747	10771	0.333333
rCRS	10771	10775	0.5
rCRS	10775	10777	0.333333
rCRS	10777	10778	0.25
rCRS	10778	10800	0.5
rCRS	10800	10808	0.333333
rCRS	10808	10815	0.2
rCRS	10815	10843	0.25
rCRS	10843	10846	1
rCRS	10846	10855	0.333333
rCRS	10855	10866	0.5
rCRS	10866	10873	0.333333
rCRS	10873	10878	0.25
rCRS	10878	10890	0.333333
rCRS	10890	10892	0.5
rCRS	10892	10922	1
rCRS	10922	10924	0.25
rCRS	10924	10927	0.333333
rCRS	10927	10932	0.25
rCRS	10932	10966	0.333333
rCRS	10966	10979	0.25
rCRS	10979	10983	0.333333
rCRS	10983	10986	0.25
rCRS	10986	10996	0.333333
rCRS	10996	11009	0.5
rCRS	11009	11017	0.333333
rCRS	11017	11035	0.25
rCRS	11035	11061	0.333333
rCRS	11061	11068	0.25
rCRS	11068	11073	0.2
rCRS	11073	11074	0.125
rCRS	11074	11075	0.1
rCRS	11075	11076	0.0909091
rCRS	11076	11077	0.0666667
rCRS	11077	11080	0.0909091
rCRS	11080	11082	0.0769231
rCRS	11082	11083	0.0714286
rCRS	11083	11084	0.0769231
rCRS	11084	11085	0.05
rCRS	11085	11086	0.0454545
rCRS	11086	11087	0.047619
rCRS	11087	11089	0.05
rCRS	11089	11090	0.0666667
rCRS	11090	11091	0.142857
rCRS	11091	11092	0.166667
rCRS	11092	11094	0.142857
rCRS	11094	11095	0.125
rCRS	11095	11113	0.333333
rCRS	11113	11119	0.25
rCRS	11119	11130	0.333333
rCRS	11130	11151	0.5
rCRS	11151	11153	0.333333
rCRS	11153	11215	0.5
rCRS	11215	11219	0.333333
rCRS	11219	11230	0.5
rCRS	11230	11233	1
rCRS	11233	11251	0.5
rCRS	11251	11260	1
rCRS	11260	11261	0.5
rCRS	11261	11284	1
rCRS	11284	11299	0.5
rCRS	11299	11304	0.333333
rCRS	11304	11323	0.5
rCRS	11323	11334	1
rCRS	11334	11335	0.5
rCRS	11335	11347	0.333333
rCRS	11347	11359	0.5
rCRS	11359	11360	0.333333
rCRS	11360	11369	0.5
rCRS	11369	11386	1
rCRS	11386	11389	0.25
rCRS	11389	11392	0.5
rCRS	11392	11410	0.333333
rCRS	11410	11434	0.5
rCRS	11434	11435	0.333333
rCRS	11435	11440	0.5
rCRS	11440	11441	0.333333
rCRS	11441	11444	0.5
rCRS	11444	11446	0.333333
rCRS	11446	11460	0.5
rCRS	11460	11464	0.333333
rCRS	11464	11465	0.5
rCRS	11465	11467	0.333333
rCRS	11467	11485	0.5
rCRS	11485	11515	0.333333
rCRS	11515	11546	0.5
rCRS	11546	11548	0.25
rCRS	11548	11551	0.2
rCRS	11551	11554	0.25
rCRS	11554	11566	0.333333
rCRS	11566	11569	0.25
rCRS	11569	11581	0.333333
rCRS	11581	11611	0.5
rCRS	11611	11618	0.333333
rCRS	11618	11622	0.5
rCRS	11622	11629	0.333333
rCRS	11629	11632	0.5
rCRS	11632	11701	0.333333
rCRS	11701	11719	0.5
rCRS	11719	11728	0.333333
rCRS	11728	11729	0.142857
rCRS	11729	11731	0.111111
rCRS	11731	11734	0.0769231
rCRS	11734	11736	0.2
rCRS	11736	11737	0.25
rCRS	11737	11740	0.333333
rCRS	11740	11758	0.5
rCRS	11758	11767	1
rCRS	11767	11770	0.5
rCRS	11770	11796	0.333333
rCRS	11796	11797	0.2
rCRS	11797	11800	0.333333
rCRS	11800	11804	0.2
rCRS	11804	11809	0.25
rCRS	11809	11810	0.142857
rCRS	11810	11811	0.2
rCRS	11811	11815	0.333333
rCRS	11815	11817	0.166667
rCRS	11817	11824	0.333333
rCRS	11824	11827	0.5
rCRS	11827	11833	0.333333
rCRS	11833	11866	0.5
rCRS	11866	11868	0.333333
rCRS	11868	11944	0.5
rCRS	11944	11977	0.333333
rCRS	11977	11988	0.5
rCRS	11988	12007	1
rCRS	12007	12034	0.333333
rCRS	12034	12049	0.5
rCRS	12049	12061	0.333333
rCRS	12061	12064	1
rCRS	12064	12082	0.333333
rCRS	12082	12085	0.5
rCRS	12085	12088	1
rCRS	12088	12127	0.5
rCRS	12127	12135	0.333333
rCRS	12135	12136	0.166667
rCRS	12136	12138	0.142857
rCRS	12138	12142	0.166667
rCRS	12142	12143	0.125
rCRS	12143	12144	0.142857
rCRS	12144	12146	0.125
rCRS	12146	12148	0.166667
rCRS	12148	12151	0.2
rCRS	12151	12161	0.25
rCRS	12161	12162	0.333333
rCRS	12162	12188	0.5
rCRS	12188	12189	1
rCRS	12189	12192	0.5
rCRS	12192	12206	0.333333
rCRS	12206	12208	0.5
rCRS	12208	12214	1
rCRS	12214	12215	0.5
rCRS	12215	12216	0.333333
rCRS	12216	12217	0.111111
rCRS	12217	12218	0.0588235
rCRS	12218	12219	0.0526316
rCRS	12219	12220	0.047619
rCRS	12220	12223	0.05
rCRS	12223	12224	0.0526316
rCRS	12224	12229	0.0555556
rCRS	12229	12230	0.0526316
rCRS	12230	12234	0.0555556
rCRS	12234	12236	0.0526316
rCRS	12236	12239	0.05
rCRS	12239	12240	0.047619
rCRS	12240	12241	0.05
rCRS	12241	12242	0.047619
rCRS	12242	12243	0.05
rCRS	12243	12244	0.0588235
rCRS	12244	12245	0.0555556
rCRS	12245	12246	0.0416667
rCRS	12246	12247	0.0384615
rCRS	12247	12248	0.037037
rCRS	12248	12249	0.0357143
rCRS	12249	12250	0.0416667
rCRS	12250	12251	0.047619
rCRS	12251	12253	0.0909091
rCRS	12253	12254	0.0833333
rCRS	12254	12255	0.125
rCRS	12255	12256	0.166667
rCRS	12256	12260	0.2
rCRS	12260	12265	0.25
rCRS	12265	12267	0.166667
rCRS	12267	12268	0.2
rCRS	12268	12270	0.25
rCRS	12270	12271	0.2
rCRS	12271	12302	0.25
rCRS	12302	12303	0.125
rCRS	12303	12304	0.0625
rCRS	12304	12306	0.0666667
rCRS	12306	12307	0.0588235
rCRS	12307	12308	0.0625
rCRS	12308	12309	0.0714286
rCRS	12309	12311	0.0666667
rCRS	12311	12312	0.1
rCRS	12312	12314	0.0588235
rCRS	12314	12315	0.0714286
rCRS	12315	12316	0.0769231
rCRS	12316	12318	0.111111
rCRS	12318	12319	0.166667
rCRS	12319	12328	0.5
rCRS	12328	12355	1
rCRS	12355	12367	0.5
rCRS	12367	12372	0.333333
rCRS	12372	12376	0.25
rCRS	12376	12379	0.5
rCRS	12379	12387	0.25
rCRS	12387	12390	0.333333
rCRS	12390	12395	0.25
rCRS	12395	12402	0.333333
rCRS	12402	12406	0.5
rCRS	12406	12411	0.333333
rCRS	12411	12417	0.5
rCRS	12417	12424	0.333333
rCRS	12424	12432	0.5
rCRS	12432	12436	0.333333
rCRS	12436	12466	0.5
rCRS	12466	12473	0.333333
rCRS	12473	12474	0.5
rCRS	12474	12477	0.333333
rCRS	12477	12489	0.25
rCRS	12489	12503	0.333333
rCRS	12503	12506	0.25
rCRS	12506	12507	0.0833333
rCRS	12507	12511	0.2
rCRS	12511	12527	0.333333
rCRS	12527	12528	0.5
rCRS	12528	12531	0.333333
rCRS	12531	12540	0.5
rCRS	12540	12558	0.333333
rCRS	12558	12559	0.5
rCRS	12559	12561	0.2
rCRS	12561	12562	0.0769231
rCRS	12562	12563	0.0833333
rCRS	12563	12566	0.0769231
rCRS	12566	12567	0.125
rCRS	12567	12572	0.0666667
rCRS	12572	12573	0.0714286
rCRS	12573	12576	0.142857
rCRS	12576	12579	0.2
rCRS	12579	12585	0.333333
rCRS	12585	12586	0.25
rCRS	12586	12588	0.5
rCRS	12588	12597	0.333333
rCRS	12597	12616	0.5
rCRS	12616	12618	0.333333
rCRS	12618	12619	0.2
rCRS	12619	12621	0.25
rCRS	12621	12627	0.5
rCRS	12627	12630	0.333333
rCRS	12630	12631	0.2
rCRS	12631	12632	0.25
rCRS	12632	12636	0.333333
rCRS	12636	12637	0.25
rCRS	12637	12640	0.166667
rCRS	12640	12642	0.142857
rCRS	12642	12649	0.25
rCRS	12649	12651	0.142857
rCRS	12651	12654	0.0769231
rCRS	12654	12657	0.111111
rCRS	12657	12661	0.333333
rCRS	12661	12662	0.25
rCRS	12662	12663	0.166667
rCRS	12663	12669	0.25
rCRS	12669	12671	0.2
rCRS	12671	12675	0.25
rCRS	12675	12702	0.333333
rCRS	12702	12714	0.5
rCRS	12714	12726	0.333333
rCRS	12726	12727	0.5
rCRS	12727	12735	0.333333
rCRS	12735	12738	0.25
rCRS	12738	12741	0.2
rCRS	12741	12753	0.25
rCRS	12753	12759	0.2
rCRS	12759	12765	0.25
rCRS	12765	12771	0.333333
rCRS	12771	12792	0.5
rCRS	12792	12820	0.333333
rCRS	12820	12833	0.2
rCRS	12833	12837	0.25
rCRS	12837	12845	0.333333
rCRS	12845	12846	0.25
rCRS	12846	12862	0.333333
rCRS	12862	12873	0.5
rCRS	12873	12874	0.333333
rCRS	12874	12888	0.5
rCRS	12888	12892	0.25
rCRS	12892	12897	0.2
rCRS	12897	12903	0.25
rCRS	12903	12910	0.2
rCRS	12910	12911	0.25
rCRS	12911	12920	0.333333
rCRS	12920	12945	0.5
rCRS	12945	12960	0.333333
rCRS	12960	12968	0.2
rCRS	12968	12972	0.166667
rCRS	12972	12981	0.2
rCRS	12981	12982	0.25
rCRS	12982	12984	0.166667
rCRS	12984	12985	0.125
rCRS	12985	12988	0.2
rCRS	12988	12990	0.166667
rCRS	12990	12993	0.2
rCRS	12993	13011	0.5
rCRS	13011	13015	0.2
rCRS	13015	13017	0.166667
rCRS	13017	13020	0.2
rCRS	13020	13032	0.166667
rCRS	13032	13033	0.2
rCRS	13033	13038	0.25
rCRS	13038	13039	0.2
rCRS	13039	13040	0.166667
rCRS	13040	13041	0.2
rCRS	13041	13042	0.1
rCRS	13042	13044	0.0833333
rCRS	13044	13045	0.111111
rCRS	13045	13047	0.0833333
rCRS	13047	13049	0.05
rCRS	13049	13050	0.0769231
rCRS	13050	13053	0.0714286
rCRS	13053	13056	0.142857
rCRS	13056	13057	0.0666667
rCRS	13057	13058	0.0588235
rCRS	13058	13060	0.0526316
rCRS	13060	13063	0.0555556
rCRS	13063	13064	0.0454545
rCRS	13064	13065	0.0416667
rCRS	13065	13067	0.0434783
rCRS	13067	13068	0.05
rCRS	13068	13069	0.0555556
rCRS	13069	13073	0.0588235
rCRS	13073	13075	0.0555556
rCRS	13075	13077	0.125
rCRS	13077	13105	0.333333
rCRS	13105	13111	0.25
rCRS	13111	13115	0.2
rCRS	13115	13118	0.25
rCRS	13118	13121	0.2
rCRS	13121	13124	0.25
rCRS	13124	13132	0.333333
rCRS	13132	13134	0.25
rCRS	13134	13140	0.5
rCRS	13140	13144	0.333333
rCRS	13144	13145	0.5
rCRS	13145	13151	0.333333
rCRS	13151	13152	0.2
rCRS	13152	13191	0.333333
rCRS	13191	13194	0.25
rCRS	13194	13202	0.2
rCRS	13202	13210	0.25
rCRS	13210	13212	0.333333
rCRS	13212	13224	0.2
rCRS	13224	13226	0.25
rCRS	13226	13230	0.2
rCRS	13230	13233	0.25
rCRS	13233	13234	0.2
rCRS	13234	13241	0.25
rCRS	13241	13242	0.333333
rCRS	13242	13251	0.5
rCRS	13251	13254	1
rCRS	13254	13261	0.5
rCRS	13261	13263	0.333333
rCRS	13263	13264	0.5
rCRS	13264	13273	0.333333
rCRS	13273	13276	0.5
rCRS	13276	13281	0.333333
rCRS	13281	13284	0.2
rCRS	13284	13287	0.25
rCRS	13287	13293	0.333333
rCRS	13293	13296	0.2
rCRS	13296	13298	0.166667
rCRS	13298	13299	0.2
rCRS	13299	13300	0.111111
rCRS	13300	13302	0.1
rCRS	13302	13303	0.166667
rCRS	13303	13305	0.142857
rCRS	13305	13308	0.125
rCRS	13308	13311	0.25
rCRS	13311	13317	0.333333
rCRS	13317	13319	0.2
rCRS	13319	13321	0.166667
rCRS	13321	13326	0.25
rCRS	13326	13335	0.333333
rCRS	13335	13338	0.25
rCRS	13338	13356	0.5
rCRS	13356	13359	1
rCRS	13359	13365	0.5
rCRS	13365	13368	0.333333
rCRS	13368	13370	0.25
rCRS	13370	13374	0.2
rCRS	13374	13376	0.333333
rCRS	13376	13380	0.5
rCRS	13380	13386	0.25
rCRS	13386	13389	0.142857
rCRS	13389	13390	0.166667
rCRS	13390	13393	0.125
rCRS	13393	13395	0.2
rCRS	13395	13407	0.25
rCRS	13407	13430	0.333333
rCRS	13430	13446	0.25
rCRS	13446	13458	0.333333
rCRS	13458	13466	1
rCRS	13466	13476	0.5
rCRS	13476	13477	0.25
rCRS	13477	13485	0.2
rCRS	13485	13487	0.166667
rCRS	13487	13488	0.333333
rCRS	13488	13500	0.25
rCRS	13500	13517	0.333333
rCRS	13517	13518	0.25
rCRS	13518	13525	0.333333
rCRS	13525	13530	0.25
rCRS	13530	13533	0.2
rCRS	13533	13538	0.25
rCRS	13538	13539	0.166667
rCRS	13539	13545	0.142857
rCRS	13545	13548	0.2
rCRS	13548	13551	0.166667
rCRS	13551	13554	0.2
rCRS	13554	13560	0.25
rCRS	13560	13572	0.333333
rCRS	13572	13579	0.5
rCRS	13579	13584	0.333333
rCRS	13584	13614	0.25
rCRS	13614	13620	0.333333
rCRS	13620	13621	0.5
rCRS	13621	13651	1
rCRS	13651	13676	0.5
rCRS	13676	13677	0.333333
rCRS	13677	13681	0.5
rCRS	13681	13708	1
rCRS	13708	13710	0.5
rCRS	13710	13711	1
rCRS	13711	13715	0.5
rCRS	13715	13811	1
rCRS	13811	13813	0.5
rCRS	13813	13820	0.333333
rCRS	13820	13849	0.25
rCRS	13849	13855	0.333333
rCRS	13855	13857	0.25
rCRS	13857	13859	0.333333
rCRS	13859	13934	1
rCRS	13934	13938	0.5
rCRS	13938	13945	1
rCRS	13945	13972	0.5
rCRS	13972	13980	1
rCRS	13980	13990	0.5
rCRS	13990	14001	1
rCRS	14001	14010	0.5
rCRS	14010	14019	1
rCRS	14019	14020	0.5
rCRS	14020	14022	0.333333
rCRS	14022	14023	0.5
rCRS	14023	14034	1
rCRS	14034	14041	0.5
rCRS	14041	14043	0.333333
rCRS	14043	14048	0.5
rCRS	14048	14053	0.333333
rCRS	14053	14058	0.25
rCRS	14058	14063	0.333333
rCRS	14063	14067	0.25
rCRS	14067	14073	0.333333
rCRS	14073	14076	0.142857
rCRS	14076	14077	0.166667
rCRS	14077	14079	0.2
rCRS	14079	14085	0.333333
rCRS	14085	14088	0.5
rCRS	14088	14092	0.333333
rCRS	14092	14097	0.5
rCRS	14097	14101	0.333333
rCRS	14101	14103	0.25
rCRS	14103	14125	0.333333
rCRS	14125	14133	0.5
rCRS	14133	14135	0.333333
rCRS	14135	14136	0.5
rCRS	14136	14142	0.333333
rCRS	14142	14149	0.5
rCRS	14149	14171	0.333333
rCRS	14171	14182	0.25
rCRS	14182	14184	0.166667
rCRS	14184	14185	0.142857
rCRS	14185	14188	0.333333
rCRS	14188	14197	0.5
rCRS	14197	14230	0.333333
rCRS	14230	14239	0.25
rCRS	14239	14248	0.333333
rCRS	14248	14250	0.25
rCRS	14250	14254	0.5
rCRS	14254	14257	0.333333
rCRS	14257	14259	0.5
rCRS	14259	14260	0.333333
rCRS	14260	14263	0.5
rCRS	14263	14275	0.333333
rCRS	14275	14280	0.5
rCRS	14280	14281	0.25
rCRS	14281	14284	0.5
rCRS	14284	14293	0.333333
rCRS	14293	14296	0.5
rCRS	14296	14305	1
rCRS	14305	14311	0.5
rCRS	14311	14326	0.333333
rCRS	14326	14329	0.25
rCRS	14329	14338	0.333333
rCRS	14338	14364	1
rCRS	14364	14379	0.5
rCRS	14379	14383	0.333333
rCRS	14383	14384	0.25
rCRS	14384	14388	0.2
rCRS	14388	14389	0.333333
rCRS	14389	14398	0.25
rCRS	14398	14418	0.2
rCRS	14418	14419	0.166667
rCRS	14419	14428	0.142857
rCRS	14428	14429	0.111111
rCRS	14429	14430	0.142857
rCRS	14430	14431	0.111111
rCRS	14431	14432	0.166667
rCRS	14432	14437	0.142857
rCRS	14437	14439	0.166667
rCRS	14439	14440	0.142857
rCRS	14440	14443	0.2
rCRS	14443	14446	0.166667
rCRS	14446	14448	0.2
rCRS	14448	14452	0.166667
rCRS	14452	14453	0.25
rCRS	14453	14460	0.333333
rCRS	14460	14463	0.5
rCRS	14463	14464	0.333333
rCRS	14464	14470	0.5
rCRS	14470	14472	0.333333
rCRS	14472	14491	0.5
rCRS	14491	14495	0.25
rCRS	14495	14501	0.333333
rCRS	14501	14504	0.25
rCRS	14504	14505	0.2
rCRS	14505	14506	0.166667
rCRS	14506	14507	0.2
rCRS	14507	14524	0.333333
rCRS	14524	14530	0.25
rCRS	14530	14533	0.333333
rCRS	14533	14537	1
rCRS	14537	14539	0.25
rCRS	14539	14544	1
rCRS	14544	14551	0.5
rCRS	14551	14560	1
rCRS	14560	14569	0.333333
rCRS	14569	14581	0.2
rCRS	14581	14584	0.166667
rCRS	14584	14587	0.125
rCRS	14587	14590	0.111111
rCRS	14590	14593	0.142857
rCRS	14593	14595	0.166667
rCRS	14595	14602	0.2
rCRS	14602	14608	0.25
rCRS	14608	14612	0.2
rCRS	14612	14625	0.25
rCRS	14625	14657	0.5
rCRS	14657	14658	1
rCRS	14658	14659	0.5
rCRS	14659	14666	0.2
rCRS	14666	14668	0.25
rCRS	14668	14669	0.2
rCRS	14669	14681	0.166667
rCRS	14681	14682	0.142857
rCRS	14682	14684	0.166667
rCRS	14684	14694	0.125
rCRS	14694	14697	0.166667
rCRS	14697	14701	0.142857
rCRS	14701	14704	0.0909091
rCRS	14704	14706	0.111111
rCRS	14706	14707	0.166667
rCRS	14707	14709	0.142857
rCRS	14709	14710	0.125
rCRS	14710	14711	0.142857
rCRS	14711	14714	0.125
rCRS	14714	14715	0.142857
rCRS	14715	14720	0.25
rCRS	14720	14721	0.2
rCRS	14721	14723	0.142857
rCRS	14723	14724	0.2
rCRS	14724	14727	0.166667
rCRS	14727	14736	0.25
rCRS	14736	14737	0.333333
rCRS	14737	14744	0.5
rCRS	14744	14745	1
rCRS	14745	14746	0.5
rCRS	14746	14767	1
rCRS	14767	14770	0.5
rCRS	14770	14774	1
rCRS	14774	14775	0.333333
rCRS	14775	14791	0.25
rCRS	14791	14800	0.333333
rCRS	14800	14801	0.25
rCRS	14801	14818	0.333333
rCRS	14818	14821	0.25
rCRS	14821	14824	0.2
rCRS	14824	14827	0.333333
rCRS	14827	14830	0.2
rCRS	14830	14831	0.333333
rCRS	14831	14832	0.166667
rCRS	14832	14833	0.125
rCRS	14833	14836	0.142857
rCRS	14836	14839	0.166667
rCRS	14839	14845	0.333333
rCRS	14845	14852	0.5
rCRS	14852	14853	0.333333
rCRS	14853	14854	0.5
rCRS	14854	14858	0.25
rCRS	14858	14875	0.2
rCRS	14875	14878	0.166667
rCRS	14878	14883	0.2
rCRS	14883	14884	0.142857
rCRS	14884	14885	0.125
rCRS	14885	14891	0.142857
rCRS	14891	14897	0.166667
rCRS	14897	14899	0.2
rCRS	14899	14902	0.25
rCRS	14902	14911	0.2
rCRS	14911	14912	0.25
rCRS	14912	14917	0.333333
rCRS	14917	14920	0.5
rCRS	14920	14927	0.333333
rCRS	14927	14935	0.5
rCRS	14935	14938	0.333333
rCRS	14938	14939	0.5
rCRS	14939	14941	1
rCRS	14941	14946	0.5
rCRS	14946	14950	0.333333
rCRS	14950	14957	0.25
rCRS	14957	14962	0.2
rCRS	14962	14965	0.25
rCRS	14965	14968	0.333333
rCRS	14968	14969	0.25
rCRS	14969	14971	0.2
rCRS	14971	14978	0.25
rCRS	14978	14986	0.2
rCRS	14986	14999	0.25
rCRS	14999	15001	0.2
rCRS	15001	15002	0.166667
rCRS	15002	15004	0.142857
rCRS	15004	15006	0.125
rCRS	15006	15007	0.111111
rCRS	15007	15008	0.0833333
rCRS	15008	15010	0.111111
rCRS	15010	15011	0.125
rCRS	15011	15012	0.166667
rCRS	15012	15013	0.125
rCRS	15013	15019	0.2
rCRS	15019	15020	0.166667
rCRS	15020	15025	0.2
rCRS	15025	15031	0.25
rCRS	15031	15040	0.333333
rCRS	15040	15043	0.5
rCRS	15043	15044	0.25
rCRS	15044	15045	0.5
rCRS	15045	15073	1
rCRS	15073	15074	0.5
rCRS	15074	15075	0.25
rCRS	15075	15076	0.111111
rCRS	15076	15079	0.25
rCRS	15079	15080	0.5
rCRS	15080	15097	1
rCRS	15097	15103	0.5
rCRS	15103	15106	1
rCRS	15106	15109	0.5
rCRS	15109	15110	0.25
rCRS	15110	15112	0.125
rCRS	15112	15115	0.25
rCRS	15115	15118	0.166667
rCRS	15118	15133	0.333333
rCRS	15133	15135	0.5
rCRS	15135	15139	0.333333
rCRS	15139	15140	0.25
rCRS	15140	15143	0.166667
rCRS	15143	15145	0.2
rCRS	15145	15147	0.333333
rCRS	15147	15148	0.25
rCRS	15148	15149	0.0909091
rCRS	15149	15151	0.1
rCRS	15151	15153	0.111111
rCRS	15153	15154	0.125
rCRS	15154	15155	0.166667
rCRS	15155	15156	0.142857
rCRS	15156	15157	0.166667
rCRS	15157	15160	0.125
rCRS	15160	15161	0.25
rCRS	15161	15166	0.5
rCRS	15166	15168	0.333333
rCRS	15168	15169	0.25
rCRS	15169	15172	0.5
rCRS	15172	15173	0.333333
rCRS	15173	15174	0.5
rCRS	15174	15177	0.333333
rCRS	15177	15181	0.5
rCRS	15181	15223	1
rCRS	15223	15244	0.5
rCRS	15244	15269	0.333333
rCRS	15269	15284	0.5
rCRS	15284	15295	1
rCRS	15295	15296	0.5
rCRS	15296	15344	1
rCRS	15344	15380	0.5
rCRS	15380	15385	0.333333
rCRS	15385	15386	0.2
rCRS	15386	15388	0.166667
rCRS	15388	15390	0.333333
rCRS	15390	15391	0.25
rCRS	15391	15392	0.166667
rCRS	15392	15393	0.142857
rCRS	15393	15394	0.25
rCRS	15394	15400	0.125
rCRS	15400	15401	0.2
rCRS	15401	15402	0.333333
rCRS	15402	15412	1
rCRS	15412	15413	0.5
rCRS	15413	15473	1
rCRS	15473	15474	0.5
rCRS	15474	15481	0.25
rCRS	15481	15484	0.5
rCRS	15484	15487	1
rCRS	15487	15497	0.5
rCRS	15497	15498	0.333333
rCRS	15498	15499	0.5
rCRS	15499	15500	0.333333
rCRS	15500	15520	0.5
rCRS	15520	15530	1
rCRS	15530	15557	0.5
rCRS	15557	15561	0.333333
rCRS	15561	15565	0.5
rCRS	15565	15566	0.333333
rCRS	15566	15568	0.5
rCRS	15568	15587	1
rCRS	15587	15590	0.5
rCRS	15590	15592	0.333333
rCRS	15592	15596	1
rCRS	15596	15598	0.333333
rCRS	15598	15622	1
rCRS	15622	15623	0.5
rCRS	15623	15661	1
rCRS	15661	15667	0.5
rCRS	15667	15668	0.333333
rCRS	15668	15672	0.5
rCRS	15672	15673	0.25
rCRS	15673	15674	0.166667
rCRS	15674	15679	0.333333
rCRS	15679	15684	0.5
rCRS	15684	15748	1
rCRS	15748	15749	0.5
rCRS	15749	15751	1
rCRS	15751	15752	0.5
rCRS	15752	15790	1
rCRS	15790	15803	0.5
rCRS	15803	15852	1
rCRS	15852	15853	0.333333
rCRS	15853	15854	0.5
rCRS	15854	15862	1
rCRS	15862	15875	0.5
rCRS	15875	15889	1
rCRS	15889	15892	0.5
rCRS	15892	15895	0.333333
rCRS	15895	15896	0.5
rCRS	15896	15942	1
rCRS	15942	15943	0.5
rCRS	15943	15973	1
rCRS	15973	15977	0.333333
rCRS	15977	15978	0.2
rCRS	15978	15988	0.166667
rCRS	15988	15995	0.2
rCRS	15995	15996	0.25
rCRS	15996	16012	0.5
rCRS	16012	16017	1
rCRS	16017	16018	0.5
rCRS	16018	16025	1
rCRS	16025	16038	0.5
rCRS	16038	16042	1
rCRS	16042	16044	0.5
rCRS	16044	16086	1
rCRS	16086	16093	0.5
rCRS	16093	16095	0.333333
rCRS	16095	16096	0.5
rCRS	16096	16157	1
rCRS	16157	16158	0.5
rCRS	16158	16322	1
rCRS	16322	16323	0.5
rCRS	16323	16399	1
rCRS	16399	16400	0.333333
rCRS	16400	16401	0.2
rCRS	16401	16405	0.25
rCRS	16405	16408	0.333333
rCRS	16408	16411	0.5
rCRS	16411	16416	0.333333
rCRS	16416	16419	0.5
rCRS	16419	16430	0.333333
rCRS	16430	16431	0.25
rCRS	16431	16432	0.333333
rCRS	16432	16433	0.166667
rCRS	16433	16434	0.125
rCRS	16434	16435	0.142857
rCRS	16435	16437	0.111111
rCRS	16437	16438	0.125
rCRS	16438	16439	0.1
rCRS	16439	16441	0.111111
rCRS	16441	16442	0.1
rCRS	16442	16443	0.0909091
rCRS	16443	16446	0.0625
rCRS	16446	16447	0.1
rCRS	16447	16449	0.25
rCRS	16449	16451	0.333333
rCRS	16451	16461	1
rCRS	16461	16465	0.5
rCRS	16465	16467	0.333333
rCRS	16467	16481	1
rCRS	16481	16482	0.5
rCRS	16482	16483	1
rCRS	16483	16486	0.5
rCRS	16486	16495	1
rCRS	16495	16499	0.5
rCRS	16499	16529	1
rCRS	16529	16530	0.166667
rCRS	16530	16531	0.2
rCRS	16531	16534	0.111111
rCRS	16534	16536	0.0909091
rCRS	16536	16537	0.125
rCRS	16537	16540	0.142857
